outcome,drug_a_mean,drug_a_std,drug_b_mean,drug_b_std,p_value
Total Cost,64540.33093487548,13324.105534892487,47550.70302102182,12075.209476940781,1.261176290830644e-09
Prescription Cost,59250.0,12979.08015766643,35750.0,7908.443479020986,1.261176290830644e-09
