test,statistic,p_value,significant
Log-rank,1.4191559758500878,0.23354237525750296,False
