outcome,drug_a_mean,drug_a_std,drug_b_mean,drug_b_std
ER Visits,1.0416666666666667,0.954584665735822,1.3333333333333333,1.2394482175782784
Hospitalizations,0.3333333333333333,0.6370220572706061,0.7083333333333334,0.6902530516863499
Total Hospital Days,1.4583333333333333,3.3359591107215025,3.625,4.019652807849476
Outpatient Visits,4.875,2.2710369208033967,6.291666666666667,2.31214499821132
