Variable,Before_Matching,After_Matching,Difference_Change,Balanced_After
age,-0.033850769750044,-0.033850769750044,0.0,True
gender,0.1346870059402947,0.2643851725055773,-0.1296981665652826,False
region,0.2935435239509036,0.6788778101388028,-0.38533428618789917,False
comorbidity_count,0.1438886157672385,0.1438886157672385,0.0,False
