Outcome,DRUG_A_Mean,DRUG_B_Mean,Difference
ER Visits,1.0416666666666667,1.3333333333333333,-0.2916666666666665
Hospitalizations,0.3333333333333333,0.7083333333333334,-0.375
Total Hospital Days,1.4583333333333333,3.625,-2.166666666666667
Outpatient Visits,4.875,6.291666666666667,-1.416666666666667
Total Cost,64540.33093487548,47550.70302102182,16989.627913853656
Prescription Cost,59250.0,35750.0,23500.0
PDC≥80% Proportion,0.5833333333333334,0.375,0.2083333333333333
Discontinuation Rate,0.8333333333333334,0.6666666666666667,0.1666666666666666
